figure_row_id,domain,source_id,figure_panel,figure_unit,series_label,phase,plot_value,plot_value_low,plot_value_high,domain_label,asset_class,source_title,metric_family,direct_vs_total,projected_vs_realised,geography,review_decision,evidence_role,source_url,source_raw_path,source_page_or_location,original_verified_value,metric_definition,notes,range_flag,derived_flag,split_method,plot_ready,figure_use,source_evidence_id,review_id,collapsed_duplicate_count
fig_001,comparator,cmp_src_0104,A. Jobs or job-years per MW,job_years_per_mw,"Construction/installation employment factor for onshore wind, Australian official proje...",construction,2.65,2.65,2.65,Comparator asset,energy_renewables,AEMO / UTS Institute for Sustainable Futures (2024) - renewable energy employment factors,job_years_per_mw,direct,projected,,accept,primary_citable_after_spotcheck,https://www.aemo.com.au,,"Table 1, p.23","2.65 job-years per MW (onshore wind, construction/installation phase)","Construction/installation employment factor for onshore wind, Australian official projection",RA-verified 2026-07-03 (ra_0020). Official government report (AEMO/UTS ISF). Job-years per MW; Australian context.,False,False,single_numeric_parse,True,plot_candidate,ev_0112,cmp_metric_0104,1
fig_002,comparator,cmp_src_0003,A. Jobs or job-years per MW,job_years_per_mw,Geothermal derived person-years per MW,construction,6.429,6.429,6.429,Comparator asset,energy_or_utility; public_infrastructure_or_methods,Putting renewables and energy efficiency to work: How many jobs can the clean energy industry generate in the US?,construction_or_lifecycle_job_years,total (direct construction/manufacturing + indirect/induced per WGA study),projected (scenario; based on WGA 2006 geothermal data),,accept,primary_citable_after_spotcheck,https://doi.org/10.1016/j.enpol.2009.10.044,submission_00/source_pdfs/cmp_src_0003_Putting_renewables_and_energy_efficiency_to_work_How_ma.pdf,page 13,"5,600 MW geothermal capacity addition could generate nearly 10,000 jobs and approximately 36,000 person-years of construction and manufacturing employment (WGA 2006 data cited)",Gross employment impact (construction + manufacturing phases) associated with large-scale geothermal power deployment scenario in the Western US. Includes direct project jobs and supply-chain effects per source study.,ACCEPT (benchmark classic). Page 13. One of the most cited geothermal jobs figures in literature. Part of broader meta-review synthesizing multiple technologies/studies. Useful comparator for baseload renewable construction intensity vs intermittent (wind/solar) or fossil. Note: older (2006-2010 context) but transparent sourcing.,False,True,derived_from_5600mw_and_36000_person_years,True,plot_candidate,ev_0090,cmp_metric_0014,1
fig_003,comparator,cmp_src_0103,A. Jobs or job-years per MW,job_years_per_mw,Median employment factor for wind manufacturing and installation from literature compil...,construction,8.1,8.1,8.1,Comparator asset,energy_renewables,Employment factors for wind and solar energy technologies: A literature review (2015),job_years_per_mw,direct,unclear,,accept,primary_citable_after_spotcheck,https://doi.org/10.1016/j.rser.2015.01.001,,Table 1 (wind M&I median; literature compilation),"8.1 job-years per MW (wind manufacturing & installation, literature median); O&M median 0.2 jobs/MW",Median employment factor for wind manufacturing and installation from literature compilation,"RA-verified 2026-07-03 (ra_0005). DOI-verified academic review 10.1016/j.rser.2015.01.001. Job-years (person-years), not simultaneous peak headcount.",False,False,single_numeric_parse,True,plot_candidate,ev_0111,cmp_metric_0103,1
fig_004,comparator,cmp_src_0003,A. Jobs or job-years per MW,job_years_per_mw,Employment intensity for wind sector: job-years during installation/construction phase...,construction,10,10,10,Comparator asset,energy_or_utility; public_infrastructure_or_methods,Putting renewables and energy efficiency to work: How many jobs can the clean energy industry generate in the US?,jobs_per_mw,total (direct project + supply chain + indirect),projected (scenario-based on EWEA assumptions; increasing offshore share noted),,accept,primary_citable_after_spotcheck,https://doi.org/10.1016/j.enpol.2009.10.044,submission_00/source_pdfs/cmp_src_0003_Putting_renewables_and_energy_efficiency_to_work_How_ma.pdf,page 11,"10 job-years (manyears) per MW of annual wind turbine installation (manufacturing, component manufacturing, development, installation + indirect); O&M contributes additional 0.4 jobs per MW of total installed capacity (EWEA 2009 cited)",Employment intensity for wind sector: job-years during installation/construction phase per MW installed annually; plus sustained O&M jobs per MW of cumulative operating capacity. From European Wind Energy Association study synthesized in meta-analysis.,ACCEPT (cited benchmark). Page 11 / Table A1. Classic wind jobs figure (10 jobs/MW install + 0.4 O&M). Useful for peak construction vs operational phase distinction. Note context: assumes rising offshore share to 2030. Good comparator for construction-heavy phases of energy assets.,False,False,single_numeric_parse,True,plot_candidate,ev_0094,cmp_metric_0019,1
fig_005,comparator,cmp_src_0003,A. Jobs or job-years per MW,operational_fte_per_mw,Long-term operational employment intensity for wind farms: full-time equivalent jobs in...,operation,0.4,0.4,0.4,Comparator asset,energy_or_utility; public_infrastructure_or_methods,Putting renewables and energy efficiency to work: How many jobs can the clean energy industry generate in the US?,jobs_per_mw,direct + indirect (O&M focused),projected,,accept,primary_citable_after_spotcheck,https://doi.org/10.1016/j.enpol.2009.10.044,submission_00/source_pdfs/cmp_src_0003_Putting_renewables_and_energy_efficiency_to_work_How_ma.pdf,page 11,0.4 O&M jobs per MW of total installed wind capacity (additional to installation-phase jobs),"Long-term operational employment intensity for wind farms: full-time equivalent jobs in operations, maintenance, and related activities per megawatt of cumulative installed capacity.",ACCEPT (O&M phase metric). Complements 0019 installation intensity. Important for lifecycle view: construction creates short-term peak jobs; O&M provides sustained employment. Page 11. Typical for renewables (lower sustained intensity than fossil baseload in some studies).,False,False,single_numeric_parse,True,plot_candidate,ev_0095,cmp_metric_0020,1
fig_006,data_centre,dc_hamm_2025,A. Jobs or job-years per MW,jobs_per_mw,Peak construction jobs per MW for specific hyperscale project example (Meta Richland LA...,construction,1.3,1.3,1.3,Data centre,data_centre,Data Center Employment Forecast Analysis,jobs_per_mw,direct (peak on-site construction workers),announced / projected (developer or contractor estimate),"Texas, US (OpenAI Stargate Abilene)",accept,primary_citable_after_spotcheck,https://hamminstitute.org/site-files/documents/data_center_workforce.pdf,submission_00/source_pdfs/Hamm_Institute_2025_Data_Center_Employment_Forecast.pdf,9.0,1.3,Peak construction jobs per MW for specific hyperscale project example (Meta Richland LA: 2.5; Vantage TX: 3.6; OpenAI Stargate TX: 1.3),"Project-specific example, not general average. Amazon note in source: mixes construction+ops jobs. Use for range illustration only.",False,False,single_numeric_parse,True,plot_candidate,ev_0006; ev_0009,dc_metric_0006; dc_metric_0010,2
fig_007,data_centre,dc_hamm_2025,A. Jobs or job-years per MW,jobs_per_mw,Construction workers per MW of capacity (range reported; 2.0 upper bound for typical re...,construction,1.35,0.7,2,Data centre,data_centre,Data Center Employment Forecast Analysis,jobs_per_mw,direct,typical / industry range (projected),United States (various states; specific projects noted in quote),accept_scale,primary_citable_after_spotcheck,https://hamminstitute.org/site-files/documents/data_center_workforce.pdf,submission_00/source_pdfs/Hamm_Institute_2025_Data_Center_Employment_Forecast.pdf,2.0,0.7–2.0 (upper: 2.0),Construction workers per MW of capacity (range reported; 2.0 upper bound for typical requirements),Core general claim. Use 0.7-2.0 range or conservative mid for estimates. Construction phase is temporary stimulus.,True,False,range_parse,True,plot_candidate,ev_0001,dc_metric_0001,1
fig_008,data_centre,dc_hamm_2025,A. Jobs or job-years per MW,jobs_per_mw,Duplicate of Hamm construction workers per MW range,construction,1.35,0.7,2,Data centre,data_centre,Data Center Employment Forecast Analysis,construction_jobs_headcount,direct,typical (projected),United States (various states; specific projects noted in quote),accept_scale,primary_citable_after_spotcheck,https://hamminstitute.org/site-files/documents/data_center_workforce.pdf,submission_00/source_pdfs/Hamm_Institute_2025_Data_Center_Employment_Forecast.pdf,2.0,0.7–2.0 (upper: 2.0),Peak construction-phase workers per MW (range for requirements),EXCLUDED in correction pass (evidence quarantined/reclassified/duplicate). Matches the general construction requirements range quote. Duplicate emphasis with jobs_per_mw row but different metric label.,True,False,duplicate_of_dc_metric_0001,False,excluded_after_correction,ev_0003,dc_metric_0003,1
fig_009,data_centre,dc_hamm_2025,A. Jobs or job-years per MW,jobs_per_mw,Peak construction jobs per MW for specific hyperscale project example (Meta Richland LA...,construction,2.5,2.5,2.5,Data centre,data_centre,Data Center Employment Forecast Analysis,jobs_per_mw,direct (peak on-site construction workers),announced / projected (developer or contractor estimate),"Louisiana, US (Meta Richland Parish)",accept,primary_citable_after_spotcheck,https://hamminstitute.org/site-files/documents/data_center_workforce.pdf,submission_00/source_pdfs/Hamm_Institute_2025_Data_Center_Employment_Forecast.pdf,9.0,2.5,Peak construction jobs per MW for specific hyperscale project example (Meta Richland LA: 2.5; Vantage TX: 3.6; OpenAI Stargate TX: 1.3),"Project-specific example, not general average. Amazon note in source: mixes construction+ops jobs. Use for range illustration only.",False,False,single_numeric_parse,True,plot_candidate,ev_0004; ev_0011,dc_metric_0004; dc_metric_0013,2
fig_010,data_centre,dc_hamm_2025,A. Jobs or job-years per MW,jobs_per_mw,Peak construction jobs per MW for specific hyperscale project example (Meta Richland LA...,construction,3.6,3.6,3.6,Data centre,data_centre,Data Center Employment Forecast Analysis,jobs_per_mw,direct (peak on-site construction workers),announced / projected (developer or contractor estimate),"Texas, US (Vantage Frontier)",accept,primary_citable_after_spotcheck,https://hamminstitute.org/site-files/documents/data_center_workforce.pdf,submission_00/source_pdfs/Hamm_Institute_2025_Data_Center_Employment_Forecast.pdf,9.0,3.6,Peak construction jobs per MW for specific hyperscale project example (Meta Richland LA: 2.5; Vantage TX: 3.6; OpenAI Stargate TX: 1.3),"Project-specific example, not general average. Amazon note in source: mixes construction+ops jobs. Use for range illustration only.",False,False,single_numeric_parse,True,plot_candidate,ev_0005; ev_0010,dc_metric_0005; dc_metric_0011,2
fig_011,data_centre,dc_hamm_2025,A. Jobs or job-years per MW,operational_fte_per_mw,Operational FTE jobs per MW (general range 0.15-0.35; specific ~100MW campus example ~1...,operation,0.25,0.15,0.35,Data centre,data_centre,Data Center Employment Forecast Analysis,jobs_per_mw,direct (core O&M understated in public announcements),realised / announced (with overstatement note),United States (various states; specific projects noted in quote),partial_accept,supporting_with_caveats,https://hamminstitute.org/site-files/documents/data_center_workforce.pdf,submission_00/source_pdfs/Hamm_Institute_2025_Data_Center_Employment_Forecast.pdf,10.0,0.15–0.35 (example ~1),Operational FTE jobs per MW (general range 0.15-0.35; specific ~100MW campus example ~1 job/MW),Source explicitly caveats that public “full-time jobs” announcements often include non-core roles and overstate MW-specific O&M staffing. Prefer lower end of range for realistic core operational jobs/MW.,True,False,range_parse,True,plot_candidate,ev_0002,dc_metric_0002,1
fig_012,data_centre,dc_hamm_2025,A. Jobs or job-years per MW,operational_fte_per_mw,Operational FTEs per MW once online (range 0.15-0.35; example campus claim ~1 job/MW wi...,operation,0.25,0.15,0.35,Data centre,data_centre,Data Center Employment Forecast Analysis,jobs_per_mw,direct (core O&M; announcements often include non-core),typical / announced (with caveat),United States (various states; specific projects noted in quote),partial_accept,supporting_with_caveats,https://hamminstitute.org/site-files/documents/data_center_workforce.pdf,submission_00/source_pdfs/Hamm_Institute_2025_Data_Center_Employment_Forecast.pdf,2.0,0.15–0.35 (example 1),Operational FTEs per MW once online (range 0.15-0.35; example campus claim ~1 job/MW with overstatement caveat),From general ops range quote + page10 example. Phase_guess was wrong in extraction (construction vs operations). Core conservative range 0.15-0.35 preferred over single campus 1 job/MW claim.,True,False,range_parse,True,plot_candidate,ev_0008,dc_metric_0009,1
fig_013,data_centre,dc_hamm_2025,A. Jobs or job-years per MW,operational_fte_per_mw,Operational jobs per MW (Meta examples: ~0.25 job/MW for large campus; or ~1 job/MW cam...,operation,0.25,0.25,0.25,Data centre,data_centre,Data Center Employment Forecast Analysis,jobs_per_mw,direct,announced / projected,"Louisiana / Alabama, US (Meta)",accept,primary_citable_after_spotcheck,https://hamminstitute.org/site-files/documents/data_center_workforce.pdf,submission_00/source_pdfs/Hamm_Institute_2025_Data_Center_Employment_Forecast.pdf,9.0,0.25,Operational jobs per MW (Meta examples: ~0.25 job/MW for large campus; or ~1 job/MW campus claim),Meta Montgomery AL example also cited. Public claims may include non-core roles per source note.,False,False,single_numeric_parse,True,plot_candidate,ev_0012,dc_metric_0014,1
fig_014,data_centre,dc_hamm_2025,A. Jobs or job-years per MW,operational_fte_per_mw,Operational FTE jobs per MW (example campus ~100 MW yields ~1 job/MW); source notes pub...,operation,1,1,1,Data centre,data_centre,Data Center Employment Forecast Analysis,jobs_per_mw,direct (core O&M understated in announcements),realised / announced (with overstatement caveat),United States (various states; specific projects noted in quote),partial_accept,supporting_with_caveats,https://hamminstitute.org/site-files/documents/data_center_workforce.pdf,submission_00/source_pdfs/Hamm_Institute_2025_Data_Center_Employment_Forecast.pdf,10.0,1,Operational FTE jobs per MW (example campus ~100 MW yields ~1 job/MW); source notes public announcements often overstate core O&M by including engineering/admin/regional roles,Important caveat in source about overstatement of core operational jobs. Prefer 0.15-0.35 range from other quote for conservative estimate.,False,False,single_numeric_parse,True,plot_candidate,ev_0007,dc_metric_0008,1
fig_015,data_centre,dc_food_water_watch_2026,A. Jobs or job-years per MW,jobs_per_mw,Jobs added in data center sector (NAICS 518210) per MW capacity added (Dominion IRP + B...,unspecified,1.12,1.12,1.12,Data centre,data_centre,Artificial Jobs: The Illusion of Big Tech's Data Center Employment Claims,jobs_per_mw,direct sector jobs,realised (recent capacity additions),"Virginia, US",accept,primary_citable_after_spotcheck,https://www.foodandwaterwatch.org/wp-content/uploads/2026/01/RB_2601_DataCenterJobs.pdf,submission_00/source_pdfs/Food_Water_Watch_2026_Artificial_Jobs.pdf,3.0,1.12,"Jobs added in data center sector (NAICS 518210) per MW capacity added (Dominion IRP + BLS, VA 2023-24)",Low jobs/MW from sector employment growth vs capacity hookups. Critical perspective on employment claims.,False,False,single_numeric_parse,True,plot_candidate,ev_0027,dc_metric_0032,1
fig_016,comparator,cmp_src_0107,B. Jobs per USD 1 million investment/spending,jobs_per_usd_million,Derived construction job-year intensity per dollar for a battery gigafactory build-out,construction,1.87,1.87,1.87,Comparator asset,advanced_manufacturing_battery,Nevada GOED (2014) - Tesla Gigafactory economic and fiscal impact analysis,jobs_per_investment,direct,projected,,accept,primary_citable_after_spotcheck,https://archive.leg.state.nv.us/Session/28th2014Special/Committees/S_Committees/docs/COW%20Exhibit%20B%20-%20Steve%20Hill%20(GOED).pdf,,p.5 (Construction Impacts) and construction summary table p.7; capex pro-forma in GOED legislative summary (2014),"1.87 construction job-years per $1 million initial capital investment (DERIVED: 9,275 direct construction person-years / $4,950M initial buildings+equipment investment; ~9.3 per $1M against the $1.0B building-construction capex alone)",Derived construction job-year intensity per dollar for a battery gigafactory build-out,"RA-verified 2026-07-03 (ra_0012), normalised 2026-07-03. Source states person-years explicitly. Denominators from GOED 2014 pro-forma ($1.0B buildings + $3.95B equipment). Person-years, not peak headcount; derived value - flag in table.",False,False,single_numeric_parse,True,plot_candidate,ev_0115,cmp_metric_0107,1
fig_017,comparator,cmp_src_0102,B. Jobs per USD 1 million investment/spending,jobs_per_usd_million,Direct construction jobs per $1M construction output (IMPLAN-based state analysis),construction,3.93,3.93,3.93,Comparator asset,construction_sector_multiplier,Minnesota Legislative Budget Office - construction employment multiplier analysis,jobs_per_investment,direct,projected,,accept,primary_citable_after_spotcheck,https://www.mn.gov,,"p.31, Table 3",3.93 direct construction-industry jobs per $1 million of construction output,Direct construction jobs per $1M construction output (IMPLAN-based state analysis),"RA-verified 2026-07-03 (ra_0010). Government/audit source. Denominator is CONSTRUCTION OUTPUT, not total project investment; yield bar for this class NOT MET (single source) - use as per-dollar context anchor with caveat.",False,False,single_numeric_parse,True,plot_candidate,ev_0110,cmp_metric_0102,1
fig_018,comparator,cmp_src_0002,B. Jobs per USD 1 million investment/spending,jobs_per_usd_million,Computer/electronics supply chain for wind,construction,4.74,4.74,4.74,Comparator asset,energy_or_utility; public_infrastructure_or_methods,"Green versus brown: Comparing the employment impacts of energy efficiency, renewable energy, and fossil fuels using an input-output model",jobs_per_investment,total (direct + indirect + induced); construction example highest at 8.21,projected (I-O model; embedded in wind sector aggregation),,partial_accept,supporting_with_caveats,https://doi.org/10.1016/j.econmod.2016.11.012,submission_00/source_pdfs/cmp_src_0002_Green_versus_brown_Comparing_the_employment_impacts_of.pdf,page 7,4.74 total jobs per $1 million demand for 'computer and electronic equipment' (supply-chain component within wind industry vector); contrast with Construction at 8.21 (highest among wind constituent industries),Sector-specific total employment multiplier (direct + indirect + induced) for key input industries in a synthetic wind energy final demand vector. Illustrates variation: high-labor-intensity sectors (construction) vs lower (electronics).,PARTIAL ACCEPT (supply-chain disaggregation insight). Page 7. Valuable for showing why aggregated 'renewables' multipliers vary with technology mix and domestic content. Construction's 8.21 is standout (labor-intensive). Use to nuance blanket 'green jobs' claims or for more granular modeling. Not headline standalone metric.,False,False,known_supply_chain_rule,True,plot_candidate,ev_0088,cmp_metric_0012,1
fig_019,comparator,cmp_src_0002,B. Jobs per USD 1 million investment/spending,jobs_per_usd_million,Construction supply chain benchmark in same table,construction,8.21,8.21,8.21,Comparator asset,energy_or_utility; public_infrastructure_or_methods,"Green versus brown: Comparing the employment impacts of energy efficiency, renewable energy, and fossil fuels using an input-output model",jobs_per_investment,total (direct + indirect + induced); construction example highest at 8.21,projected (I-O model; embedded in wind sector aggregation),,partial_accept,supporting_with_caveats,https://doi.org/10.1016/j.econmod.2016.11.012,submission_00/source_pdfs/cmp_src_0002_Green_versus_brown_Comparing_the_employment_impacts_of.pdf,page 7,4.74 total jobs per $1 million demand for 'computer and electronic equipment' (supply-chain component within wind industry vector); contrast with Construction at 8.21 (highest among wind constituent industries),Sector-specific total employment multiplier (direct + indirect + induced) for key input industries in a synthetic wind energy final demand vector. Illustrates variation: high-labor-intensity sectors (construction) vs lower (electronics).,PARTIAL ACCEPT (supply-chain disaggregation insight). Page 7. Valuable for showing why aggregated 'renewables' multipliers vary with technology mix and domestic content. Construction's 8.21 is standout (labor-intensive). Use to nuance blanket 'green jobs' claims or for more granular modeling. Not headline standalone metric.,False,True,known_supply_chain_rule,True,plot_candidate,ev_0088,cmp_metric_0012,1
fig_020,comparator,cmp_src_0002,B. Jobs per USD 1 million investment/spending,jobs_per_usd_million,Fossil fuels,unspecified,2.65,2.65,2.65,Comparator asset,energy_or_utility; public_infrastructure_or_methods,"Green versus brown: Comparing the employment impacts of energy efficiency, renewable energy, and fossil fuels using an input-output model",jobs_per_investment,total (direct + indirect + induced),projected (I-O model; based on historical economic structure),,accept,primary_citable_after_spotcheck,https://doi.org/10.1016/j.econmod.2016.11.012,submission_00/source_pdfs/cmp_src_0002_Green_versus_brown_Comparing_the_employment_impacts_of.pdf,page 2,"7.49 (renewables), 7.72 (energy efficiency), 2.65 (fossil fuels) FTE jobs per $1 million spending",Total employment multiplier (direct + indirect + induced) from US input-output model: full-time equivalent jobs supported per $1 million of final demand/spending in each sector. Derived from 2006-2010 IMPLAN data and sector-specific vectors.,"ACCEPT (core comparator). High-quality, widely cited study on green vs brown job creation per dollar invested. Explicit on page 2. Key insight: EE and RE generate ~3x more jobs per $ than fossil. Labor intensity, domestic content, and compensation drive differences. Minor caveat: US-centric, pre-2016 data but methodology robust and transparent. Duplicate extraction exists (0009); use this as primary. Excellent for investment-to-jobs elasticity in energy/infra policy.",False,False,known_multi_value_rule,True,plot_candidate,ev_0085,cmp_metric_0008,1
fig_021,comparator,cmp_src_0002,B. Jobs per USD 1 million investment/spending,jobs_per_usd_million,Computer/electronics supply chain for wind,unspecified,4.74,4.74,4.74,Comparator asset,energy_or_utility; public_infrastructure_or_methods,"Green versus brown: Comparing the employment impacts of energy efficiency, renewable energy, and fossil fuels using an input-output model",jobs_per_investment,direct + indirect + induced,projected,,partial_accept,supporting_with_caveats,https://doi.org/10.1016/j.econmod.2016.11.012,submission_00/source_pdfs/cmp_src_0002_Green_versus_brown_Comparing_the_employment_impacts_of.pdf,page 7,4.74 jobs per $1M for computer/electronics in wind supply chain (same as 0012); jobs_per_capex framing,Employment intensity (jobs supported per dollar of capital expenditure/final demand) for specific industry supplying wind sector.,PARTIAL ACCEPT / duplicate framing of 0012. Same underlying multiplier. 'jobs_per_capex' label is interpretive; underlying data is I-O multiplier per $1M demand. Useful cross-check but consolidate with 0012 in synthesis.,False,False,duplicate_of_cmp_metric_0012,False,duplicate_reference,ev_0089,cmp_metric_0013,1
fig_022,comparator,cmp_src_0002,B. Jobs per USD 1 million investment/spending,jobs_per_usd_million,Renewable energy,unspecified,7.49,7.49,7.49,Comparator asset,energy_or_utility; public_infrastructure_or_methods,"Green versus brown: Comparing the employment impacts of energy efficiency, renewable energy, and fossil fuels using an input-output model",jobs_per_investment,total (direct + indirect + induced),projected (I-O model; based on historical economic structure),,accept,primary_citable_after_spotcheck,https://doi.org/10.1016/j.econmod.2016.11.012,submission_00/source_pdfs/cmp_src_0002_Green_versus_brown_Comparing_the_employment_impacts_of.pdf,page 2,"7.49 (renewables), 7.72 (energy efficiency), 2.65 (fossil fuels) FTE jobs per $1 million spending",Total employment multiplier (direct + indirect + induced) from US input-output model: full-time equivalent jobs supported per $1 million of final demand/spending in each sector. Derived from 2006-2010 IMPLAN data and sector-specific vectors.,"ACCEPT (core comparator). High-quality, widely cited study on green vs brown job creation per dollar invested. Explicit on page 2. Key insight: EE and RE generate ~3x more jobs per $ than fossil. Labor intensity, domestic content, and compensation drive differences. Minor caveat: US-centric, pre-2016 data but methodology robust and transparent. Duplicate extraction exists (0009); use this as primary. Excellent for investment-to-jobs elasticity in energy/infra policy.",False,False,known_multi_value_rule,True,plot_candidate,ev_0085,cmp_metric_0008,1
fig_023,comparator,cmp_src_0002,B. Jobs per USD 1 million investment/spending,jobs_per_usd_million,Energy efficiency,unspecified,7.72,7.72,7.72,Comparator asset,energy_or_utility; public_infrastructure_or_methods,"Green versus brown: Comparing the employment impacts of energy efficiency, renewable energy, and fossil fuels using an input-output model",jobs_per_investment,total (direct + indirect + induced),projected (I-O model; based on historical economic structure),,accept,primary_citable_after_spotcheck,https://doi.org/10.1016/j.econmod.2016.11.012,submission_00/source_pdfs/cmp_src_0002_Green_versus_brown_Comparing_the_employment_impacts_of.pdf,page 2,"7.49 (renewables), 7.72 (energy efficiency), 2.65 (fossil fuels) FTE jobs per $1 million spending",Total employment multiplier (direct + indirect + induced) from US input-output model: full-time equivalent jobs supported per $1 million of final demand/spending in each sector. Derived from 2006-2010 IMPLAN data and sector-specific vectors.,"ACCEPT (core comparator). High-quality, widely cited study on green vs brown job creation per dollar invested. Explicit on page 2. Key insight: EE and RE generate ~3x more jobs per $ than fossil. Labor intensity, domestic content, and compensation drive differences. Minor caveat: US-centric, pre-2016 data but methodology robust and transparent. Duplicate extraction exists (0009); use this as primary. Excellent for investment-to-jobs elasticity in energy/infra policy.",False,False,known_multi_value_rule,True,plot_candidate,ev_0085,cmp_metric_0008,1
fig_024,data_centre,dc_hamm_2025,B. Jobs per USD 1 million investment/spending,jobs_per_usd_million,DERIVED (notebook 09): data-centre peak construction employment per dollar of total pro...,construction,0.5,0.5,0.5,Data centre,data_centre,Data Center Employment Forecast Analysis,jobs_per_investment,direct,realised (announced project figures),"United States (LA, IN, AL project examples)",accept,primary_citable_after_spotcheck,https://hamminstitute.org/site-files/documents/data_center_workforce.pdf,submission_00/source_pdfs/Hamm_Institute_2025_Data_Center_Employment_Forecast.pdf,"Appendix A1, printed p.8 (PDF p.9); verified 2026-07-03",0.5 peak construction workers per $1 million total project investment (interval 0.2 to 0.7 across two independent derivation routes),"DERIVED (notebook 09): data-centre peak construction employment per dollar of total project investment, from Hamm Institute (2025) Appendix A1 facility-level figures (Meta Richland Parish direct route; MW-bridge cross-check)","DERIVED metric - not stated in source; computed in notebook 09 (two agreeing routes). Denominator = TOTAL investment incl. IT/equipment, NOT construction-only capex (construction ~40-55% of total, so per-construction-$ is ~2x). Pages human-verified 2026-07-03.",False,False,single_numeric_parse,True,plot_candidate,ev_0107,dc_metric_0201,1
fig_025,data_centre,dc_food_water_watch_2026,B. Jobs per USD 1 million investment/spending,jobs_per_usd_million,Data centres: permanent jobs per investment (FWW),operation,0.0769,0.0769,0.0769,Data centre,data_centre,Artificial Jobs: The Illusion of Big Tech's Data Center Employment Claims,operational_jobs_fte,direct,realised (historical 1990+),"Virginia, US",partial_accept,supporting_with_caveats,https://www.foodandwaterwatch.org/wp-content/uploads/2026/01/RB_2601_DataCenterJobs.pdf,submission_00/source_pdfs/Food_Water_Watch_2026_Artificial_Jobs.pdf,1.0,1 job / $13M capex,Permanent operational jobs per investment (Virginia VEDP data; high capital intensity),"Critical source; contrasts with $137k per job outside DC sector. FWW estimates ~7,600 in VA 2024 (higher than VEDP 5,400). Use alongside causal papers for balance. Investment per job very high.",False,True,derived_from_1_job_per_13m,True,plot_candidate,ev_0021,dc_metric_0026,1
fig_026,data_centre,dc_hamm_2025,B. Jobs per USD 1 million investment/spending,jobs_per_usd_million,DERIVED (notebook 09): data-centre permanent operations employment per dollar of total...,operation,0.1,0.1,0.1,Data centre,data_centre,Data Center Employment Forecast Analysis,jobs_per_investment,direct,realised (announced project figures),"United States (LA, IN, AL project examples)",accept,primary_citable_after_spotcheck,https://hamminstitute.org/site-files/documents/data_center_workforce.pdf,submission_00/source_pdfs/Hamm_Institute_2025_Data_Center_Employment_Forecast.pdf,"Appendix A1, printed p.8-9 (PDF p.9-10); verified 2026-07-03","0.1 permanent operations jobs per $1 million total project investment (interval 0.05 to 0.17, n=3 facilities)","DERIVED (notebook 09): data-centre permanent operations employment per dollar of total project investment, from Hamm Institute (2025) Appendix A1 facility-level figures (Meta Richland Parish, Meta Montgomery, Google Jackson County)",DERIVED metric - not stated in source; computed in notebook 09. Google row is an upper bound (announced full-time jobs may exceed core O&M). Denominator = TOTAL investment. Pages human-verified 2026-07-03.,False,False,single_numeric_parse,True,plot_candidate,ev_0108,dc_metric_0202,1
fig_027,comparator,cmp_src_0003,C. Job-years per GWh,job_years_per_gwh,Normalized job creation intensity: person-years of employment (direct + indirect) per g...,construction,0.15,0.15,0.15,Comparator asset,energy_or_utility; public_infrastructure_or_methods,Putting renewables and energy efficiency to work: How many jobs can the clean energy industry generate in the US?,job_years_per_gwh,mixed (varies by original studies synthesized; majority induced in EE context per paper),projected (literature synthesis + conservative assumption for data gaps),,accept,primary_citable_after_spotcheck,https://doi.org/10.1016/j.enpol.2009.10.044,submission_00/source_pdfs/cmp_src_0003_Putting_renewables_and_energy_efficiency_to_work_How_ma.pdf,page 5,"0.15 job-years per GWh (conservative lower-bound placeholder for technologies with sparse primary data, e.g. municipal solid waste / biomass in some analyses)","Normalized job creation intensity: person-years of employment (direct + indirect) per gigawatt-hour of energy produced or saved, averaged over the full operating lifetime of the asset. Used as conservative floor when meta-analysis data is limited.",ACCEPT (transparent bounding assumption). Page 5. Important methodological note in meta-analysis: authors adopted 0.15 as lower-range conservative for under-studied techs. Contrasts with higher values for solar/wind/geothermal. Useful for sensitivity / bounding job estimates in energy scenarios. Also references 0.38 job-years/GWh for energy efficiency (Goldemberg + Laitner).,False,False,single_numeric_parse,True,plot_candidate,ev_0091,cmp_metric_0015,1
fig_028,comparator,cmp_src_0003,C. Job-years per GWh,job_years_per_gwh,See cmp_metric_0015 (same conservative assumption reiterated).,construction,0.15,0.15,0.15,Comparator asset,energy_or_utility; public_infrastructure_or_methods,Putting renewables and energy efficiency to work: How many jobs can the clean energy industry generate in the US?,job_years_per_gwh,mixed,projected,,accept,primary_citable_after_spotcheck,https://doi.org/10.1016/j.enpol.2009.10.044,submission_00/source_pdfs/cmp_src_0003_Putting_renewables_and_energy_efficiency_to_work_How_ma.pdf,page 5,0.15 job-years/GWh (placeholder / conservative for data-sparse renewables),See cmp_metric_0015 (same conservative assumption reiterated).,EXCLUDED in correction pass (evidence quarantined/reclassified/duplicate). ACCEPT but duplicate framing of 0015 conservative placeholder. Page 5. Consolidate in use; reinforces transparency of meta-analysis method for handling evidence gaps.,False,False,single_numeric_parse,False,excluded_after_correction,ev_0093,cmp_metric_0017,1
fig_029,comparator,cmp_src_0003,C. Job-years per GWh,job_years_per_gwh,Lifetime job-years per GWh for fossil fuel generation with carbon capture and storage (...,construction,0.16,0.16,0.16,Comparator asset,energy_or_utility; public_infrastructure_or_methods,Putting renewables and energy efficiency to work: How many jobs can the clean energy industry generate in the US?,job_years_per_gwh,direct + indirect + induced (averaged/normalized),projected (synthesis of limited CCS studies),,accept,primary_citable_after_spotcheck,https://doi.org/10.1016/j.enpol.2009.10.044,submission_00/source_pdfs/cmp_src_0003_Putting_renewables_and_energy_efficiency_to_work_How_ma.pdf,page 5,0.16 job-years/GWh (one of three fossil-with-CCS options averaged; range 0.17 / 0.22 / 0.16 across IGCC/CCS configurations),"Lifetime job-years per GWh for fossil fuel generation with carbon capture and storage (CCS), normalized from construction + O&M phases. Part of comparison to renewables and efficiency.",ACCEPT (comparative context). Page 5. Shows CCS job intensity is modest and comparable to some renewables in normalized terms. Useful for 'all-of-above' or transition scenarios including fossils with abatement. Caveat: based on few studies at time of 2010 paper; CCS deployment has evolved.,False,False,single_numeric_parse,True,plot_candidate,ev_0092,cmp_metric_0016,1
fig_030,comparator,cmp_src_0003,C. Job-years per GWh,job_years_per_gwh,See cmp_metric_0016 (normalized lifetime employment intensity for CCS-equipped generati...,operation,0.16,0.16,0.16,Comparator asset,energy_or_utility; public_infrastructure_or_methods,Putting renewables and energy efficiency to work: How many jobs can the clean energy industry generate in the US?,job_years_per_gwh,direct + indirect + induced,projected,,accept,primary_citable_after_spotcheck,https://doi.org/10.1016/j.enpol.2009.10.044,submission_00/source_pdfs/cmp_src_0003_Putting_renewables_and_energy_efficiency_to_work_How_ma.pdf,page 5,0.16 job-years/GWh (averaged result for one fossil+CCS configuration; see also 0.17 and 0.22 for other options),See cmp_metric_0016 (normalized lifetime employment intensity for CCS-equipped generation).,ACCEPT / duplicate framing of 0016. Page 5. Same underlying synthesis. Use to illustrate modest job creation from abated fossil pathways vs efficiency/renewables in meta-analysis.,False,False,single_numeric_parse,True,plot_candidate,ev_0096,cmp_metric_0021,1
fig_031,data_centre,dc_alvarez_nber_2026,D. Causal/local percentage effects,percent_effect,"% change (long difference) in outcome (employment, payroll, etc.) associated with data...",construction,0.858,0.858,0.858,Data centre,data_centre,Data Centers and Local Economies in the Age of AI,causal_local_economy_effect,total (causal local economy effect),"realised (econometric, long-run)",United States (county-level panel),accept,primary_citable_after_spotcheck,https://www.nber.org/papers/w35194,Research_Workflow/02_Source_Extraction/data/raw_sources/Alvarez_2026_NBER_Data_Centers_Local_Economies.pdf,12.0,0.858,"% change (long difference) in outcome (employment, payroll, etc.) associated with data center presence (county-level, 1995-2020)","EXCLUDED in correction pass (evidence quarantined/reclassified/duplicate). Key causal evidence: modest positive employment effects (~0.86% for total emp, higher for data-processing 1.63%); construction emp negative in some specs? Check full table. Data centers present indicator used.",False,False,single_numeric_parse,False,excluded_after_correction,ev_0043,dc_metric_0048,1
fig_032,data_centre,dc_alvarez_nber_2026,D. Causal/local percentage effects,percent_effect,"% change (long difference) in outcome (employment, payroll, etc.) associated with data...",construction,1.039,1.039,1.039,Data centre,data_centre,Data Centers and Local Economies in the Age of AI,causal_local_economy_effect,total (causal local economy effect),"realised (econometric, long-run)",United States (county-level panel),accept,primary_citable_after_spotcheck,https://www.nber.org/papers/w35194,Research_Workflow/02_Source_Extraction/data/raw_sources/Alvarez_2026_NBER_Data_Centers_Local_Economies.pdf,12.0,1.039,"% change (long difference) in outcome (employment, payroll, etc.) associated with data center presence (county-level, 1995-2020)","EXCLUDED in correction pass (evidence quarantined/reclassified/duplicate). Key causal evidence: modest positive employment effects (~0.86% for total emp, higher for data-processing 1.63%); construction emp negative in some specs? Check full table. Data centers present indicator used.",False,False,single_numeric_parse,False,excluded_after_correction,ev_0046,dc_metric_0051,1
fig_033,data_centre,dc_alvarez_nber_2026,D. Causal/local percentage effects,percent_effect,"% change (long difference) in outcome (employment, payroll, etc.) associated with data...",construction,1.53,1.53,1.53,Data centre,data_centre,Data Centers and Local Economies in the Age of AI,causal_local_economy_effect,total (causal local economy effect),"realised (econometric, long-run)",United States (county-level panel),accept,primary_citable_after_spotcheck,https://www.nber.org/papers/w35194,Research_Workflow/02_Source_Extraction/data/raw_sources/Alvarez_2026_NBER_Data_Centers_Local_Economies.pdf,12.0,1.53,"% change (long difference) in outcome (employment, payroll, etc.) associated with data center presence (county-level, 1995-2020)","EXCLUDED in correction pass (evidence quarantined/reclassified/duplicate). Key causal evidence: modest positive employment effects (~0.86% for total emp, higher for data-processing 1.63%); construction emp negative in some specs? Check full table. Data centers present indicator used.",False,False,single_numeric_parse,False,excluded_after_correction,ev_0045,dc_metric_0050,1
fig_034,data_centre,dc_alvarez_nber_2026,D. Causal/local percentage effects,percent_effect,"% change (long difference) in outcome (employment, payroll, etc.) associated with data...",construction,1.627,1.627,1.627,Data centre,data_centre,Data Centers and Local Economies in the Age of AI,causal_local_economy_effect,total (causal local economy effect),"realised (econometric, long-run)",United States (county-level panel),accept,primary_citable_after_spotcheck,https://www.nber.org/papers/w35194,Research_Workflow/02_Source_Extraction/data/raw_sources/Alvarez_2026_NBER_Data_Centers_Local_Economies.pdf,12.0,1.627,"% change (long difference) in outcome (employment, payroll, etc.) associated with data center presence (county-level, 1995-2020)","EXCLUDED in correction pass (evidence quarantined/reclassified/duplicate). Key causal evidence: modest positive employment effects (~0.86% for total emp, higher for data-processing 1.63%); construction emp negative in some specs? Check full table. Data centers present indicator used.",False,False,single_numeric_parse,False,excluded_after_correction,ev_0044,dc_metric_0049,1
fig_035,data_centre,dc_yue_zeng_2026,D. Causal/local percentage effects,percent_effect,Causal ATT (average treatment effect on treated) or % change from data center entry (CS...,construction,5,5,5,Data centre,data_centre,The local economic effects of data center entry,causal_local_economy_effect,"total local economy (causal, includes spillovers)",realised (historical county-level data 1995-2020 or recent),United States (various states; specific projects noted in quote),accept,primary_citable_after_spotcheck,https://papers.ssrn.com/sol3/papers.cfm?abstract_id=6497238,submission_00/source_pdfs/Yue_Zeng_2026_Local_Economic_Effects_Data_Center.pdf,29.0,5,Causal ATT (average treatment effect on treated) or % change from data center entry (CS-DID or similar econometric),EXCLUDED in correction pass (evidence quarantined/reclassified/duplicate). Causal identification paper; effects modest compared to manufacturing. Clustered entry has slightly higher effects.,False,False,single_numeric_parse,False,excluded_after_correction,ev_0052,dc_metric_0057,1
fig_036,data_centre,dc_jll_2026,D. Causal/local percentage effects,percent_effect,Capacity or % effect per source context,construction,7,7,7,Data centre,data_centre,Global Data Center Market Outlook,causal_local_economy_effect,,,Per source geography,accept,primary_citable_after_spotcheck,https://www.jll.com/en-us/insights/market-outlook/data-center-outlook,Research_Workflow/02_Source_Extraction/data/raw_sources/JLL_2026_Global_Data_Center_Market_Outlook.pdf,,7,Capacity or % effect per source context,EXCLUDED in correction pass (evidence quarantined/reclassified/duplicate). Reviewed from context_quote only; cross-check original PDF for full context and any caveats.,False,False,single_numeric_parse,False,excluded_after_correction,ev_0071,dc_metric_0076,1
fig_037,data_centre,dc_bahar_wright_brookings_2026,D. Causal/local percentage effects,percent_effect,% growth in construction employment in counties with data center entry,construction,11,11,11,Data centre,data_centre,New evidence on data center employment effects,causal_local_economy_effect,total local (sector-specific),realised (causal inference),United States (colocation / entry counties),accept,primary_citable_after_spotcheck,https://www.brookings.edu/articles/new-evidence-on-data-center-employment-effects/,submission_00/source_pdfs/Bahar_Wright_2026_Brookings_Data_Center_Employment_Effects.html,,11,% growth in construction employment in counties with data center entry,"New evidence paper; construction +11%, info sector +22%. Supports short-term construction stimulus + longer info sector growth.",False,False,single_numeric_parse,True,plot_candidate,ev_0054,dc_metric_0059,1
fig_038,data_centre,dc_bahar_wright_brookings_2026,D. Causal/local percentage effects,percent_effect,"% growth in information sector employment (IT services, telecom, software) in colocatio...",construction,22,22,22,Data centre,data_centre,New evidence on data center employment effects,causal_local_economy_effect,total local (sector-specific),realised (causal inference),United States (colocation / entry counties),accept,primary_citable_after_spotcheck,https://www.brookings.edu/articles/new-evidence-on-data-center-employment-effects/,submission_00/source_pdfs/Bahar_Wright_2026_Brookings_Data_Center_Employment_Effects.html,,22,"% growth in information sector employment (IT services, telecom, software) in colocation counties with data centers","New evidence paper; construction +11%, info sector +22%. Supports short-term construction stimulus + longer info sector growth.",False,False,single_numeric_parse,True,plot_candidate,ev_0053,dc_metric_0058,1
fig_039,data_centre,dc_abs_2026,D. Causal/local percentage effects,percent_effect,Capacity or % effect per source context,construction,246,246,246,Data centre,data_centre,Spotlight - Data Centres in Economic Statistics,causal_local_economy_effect,,,Per source geography,accept,primary_citable_after_spotcheck,https://www.abs.gov.au/articles/spotlight-data-centres-economic-statistics,Research_Workflow/02_Source_Extraction/data/raw_sources/ABS_2026_Spotlight_Data_Centres_Economic_Statistics.html,,246,Capacity or % effect per source context,EXCLUDED in correction pass (evidence quarantined/reclassified/duplicate). Reviewed from context_quote only; cross-check original PDF for full context and any caveats.,False,False,single_numeric_parse,False,excluded_after_correction,ev_0068,dc_metric_0073,1
fig_040,data_centre,dc_gargano_giacoletti_2025,D. Causal/local percentage effects,percent_effect,Capacity or % effect per source context,lifecycle_or_economy,120,120,120,Data centre,data_centre,Subsidizing the Cloud: U.S. State Incentives to Data Centers,causal_local_economy_effect,,,Per source geography,accept,primary_citable_after_spotcheck,https://papers.ssrn.com/sol3/papers.cfm?abstract_id=5881105,submission_00/source_pdfs/Gargano_Giacoletti_2025_Subsidizing_Cloud.pdf,57.0,120,Capacity or % effect per source context,EXCLUDED in correction pass (evidence quarantined/reclassified/duplicate). Reviewed from context_quote only; cross-check original PDF for full context and any caveats.,False,False,single_numeric_parse,False,excluded_after_correction,ev_0074,dc_metric_0079,1
fig_041,data_centre,dc_gargano_giacoletti_2025,D. Causal/local percentage effects,percent_effect,Capacity or % effect per source context,lifecycle_or_economy,150,150,150,Data centre,data_centre,Subsidizing the Cloud: U.S. State Incentives to Data Centers,causal_local_economy_effect,,,Per source geography,accept,primary_citable_after_spotcheck,https://papers.ssrn.com/sol3/papers.cfm?abstract_id=5881105,submission_00/source_pdfs/Gargano_Giacoletti_2025_Subsidizing_Cloud.pdf,57.0,150,Capacity or % effect per source context,EXCLUDED in correction pass (evidence quarantined/reclassified/duplicate). Reviewed from context_quote only; cross-check original PDF for full context and any caveats.,False,False,single_numeric_parse,False,excluded_after_correction,ev_0073,dc_metric_0078,1
fig_042,comparator,cmp_src_0101,E. Absolute/context benchmarks,absolute_jobs,Peak construction manpower for BlueOval SK Kentucky Battery Park (EV battery gigafactory),construction,3750,3500,4000,Comparator asset,advanced_manufacturing_battery,U.S. DOE (2023) Environmental Assessment DOE/EA-2201 - BlueOval SK Kentucky Battery Park,construction_jobs_headcount,direct,projected,,accept,primary_citable_after_spotcheck,https://www.energy.gov,,"DOE EA DOE/EA-2201, p.17 (Kentucky Battery Park)","3,500-4,000 peak construction workers (single battery gigafactory campus)",Peak construction manpower for BlueOval SK Kentucky Battery Park (EV battery gigafactory),RA-verified 2026-07-03 (ra_0019; gap-search WP). Government/audit source. Facility-level absolute peak benchmark; comparable to DC campus peak headcounts.,True,False,range_parse,True,plot_candidate,ev_0109,cmp_metric_0101,1
fig_043,comparator,cmp_src_0106,E. Absolute/context benchmarks,absolute_jobs,Cumulative construction jobs across a ~10-yr multi-project semiconductor expansion program,construction,9000,9000,9000,Comparator asset,advanced_manufacturing_semiconductor,Empire State Development / U.S. Dept. of Commerce (2024) - GlobalFoundries CHIPS expansion (Malta NY + Burlington VT),construction_jobs_headcount,direct,projected,,accept,primary_citable_after_spotcheck,https://www.commerce.gov/news/press-releases/2024/02/biden-harris-administration-announces-preliminary-terms-globalfoundries,,"GF/Commerce CHIPS announcement, Feb 2024","9,000 cumulative construction jobs over the program life (multi-project; NOT simultaneous peak) alongside ~1,500 permanent manufacturing jobs (10-yr program)",Cumulative construction jobs across a ~10-yr multi-project semiconductor expansion program,RA-verified 2026-07-03 (ra_0016). Peak-vs-total CONFIRMED via Feb-2024 Commerce/GF announcements: figure is cumulative over program life. Excluded from peak-based employment-cliff ratios; use as total-vs-permanent contrast (6:1).,False,False,single_numeric_parse,False,context_only,ev_0114,cmp_metric_0106,1
fig_044,comparator,cmp_src_0003,E. Absolute/context benchmarks,absolute_jobs,Geothermal deployment: jobs,construction,10000,10000,10000,Comparator asset,energy_or_utility; public_infrastructure_or_methods,Putting renewables and energy efficiency to work: How many jobs can the clean energy industry generate in the US?,construction_or_lifecycle_job_years,total (direct construction/manufacturing + indirect/induced per WGA study),projected (scenario; based on WGA 2006 geothermal data),,accept,primary_citable_after_spotcheck,https://doi.org/10.1016/j.enpol.2009.10.044,submission_00/source_pdfs/cmp_src_0003_Putting_renewables_and_energy_efficiency_to_work_How_ma.pdf,page 13,"5,600 MW geothermal capacity addition could generate nearly 10,000 jobs and approximately 36,000 person-years of construction and manufacturing employment (WGA 2006 data cited)",Gross employment impact (construction + manufacturing phases) associated with large-scale geothermal power deployment scenario in the Western US. Includes direct project jobs and supply-chain effects per source study.,ACCEPT (benchmark classic). Page 13. One of the most cited geothermal jobs figures in literature. Part of broader meta-review synthesizing multiple technologies/studies. Useful comparator for baseload renewable construction intensity vs intermittent (wind/solar) or fossil. Note: older (2006-2010 context) but transparent sourcing.,False,False,known_geothermal_rule,False,absolute_context,ev_0090,cmp_metric_0014,1
fig_045,comparator,cmp_src_0003,E. Absolute/context benchmarks,absolute_person_years,Geothermal deployment: construction/manufacturing person-years,construction,36000,36000,36000,Comparator asset,energy_or_utility; public_infrastructure_or_methods,Putting renewables and energy efficiency to work: How many jobs can the clean energy industry generate in the US?,construction_or_lifecycle_job_years,total (direct construction/manufacturing + indirect/induced per WGA study),projected (scenario; based on WGA 2006 geothermal data),,accept,primary_citable_after_spotcheck,https://doi.org/10.1016/j.enpol.2009.10.044,submission_00/source_pdfs/cmp_src_0003_Putting_renewables_and_energy_efficiency_to_work_How_ma.pdf,page 13,"5,600 MW geothermal capacity addition could generate nearly 10,000 jobs and approximately 36,000 person-years of construction and manufacturing employment (WGA 2006 data cited)",Gross employment impact (construction + manufacturing phases) associated with large-scale geothermal power deployment scenario in the Western US. Includes direct project jobs and supply-chain effects per source study.,ACCEPT (benchmark classic). Page 13. One of the most cited geothermal jobs figures in literature. Part of broader meta-review synthesizing multiple technologies/studies. Useful comparator for baseload renewable construction intensity vs intermittent (wind/solar) or fossil. Note: older (2006-2010 context) but transparent sourcing.,False,False,known_geothermal_rule,False,absolute_context,ev_0090,cmp_metric_0014,1
fig_046,comparator,cmp_src_0105,E. Absolute/context benchmarks,absolute_jobs,Warehouse operations employment density (jobs per unit floor area),operation,0.0145,0.0145,0.0145,Comparator asset,warehousing_logistics,Prologis & Oxford Economics (2017) - warehouse employment density,operational_jobs_fte,direct,projected,,accept,primary_citable_after_spotcheck,https://www.prologis.com,,Methodology section (Oxford Economics / Prologis 2017),0.0145 operations jobs per m2 of warehouse space (1 employee per 69 m2),Warehouse operations employment density (jobs per unit floor area),RA-verified 2026-07-03 (ra_0015). Industry/consultant source (potential bias). Yield bar for warehousing NOT MET (single quantitative source) - context only until a second source is verified.,False,False,single_numeric_parse,False,context_only,ev_0113,cmp_metric_0105,1
fig_047,comparator,cmp_src_0108,E. Absolute/context benchmarks,absolute_jobs,Operations-phase manufacturing employment intensity per GWh annual battery production c...,operation,140,140,140,Comparator asset,advanced_manufacturing_battery,Faraday Institution (2024) - UK Gigafactory Report employment assumptions,operational_jobs_fte,direct,projected,,accept,primary_citable_after_spotcheck,https://www.faraday.ac.uk,,Gigafactory Report 2024 (employment assumptions),140 direct battery cell manufacturing jobs per GWh of annual production capacity (180 per GWh including module/pack assembly),Operations-phase manufacturing employment intensity per GWh annual battery production capacity,"RA-verified 2026-07-03 (ra_0017), recoded per-GWh 2026-07-03. Quote: 180 jobs/GWh supported overall; 140 = direct cell manufacturing. Capacity-GWh denominator (not energy output); operations phase.",False,False,single_numeric_parse,False,context_only,ev_0116,cmp_metric_0108,1
fig_048,data_centre,dc_jlarc_virginia_2024,E. Absolute/context benchmarks,absolute_jobs,Peak on-site construction workers for an individual data center building (VA representa...,construction,1500,1500,1500,Data centre,data_centre,Data Centers in Virginia,construction_jobs_headcount,direct (various construction trades),realised / reported (at height of construction),"Virginia, US",accept,primary_citable_after_spotcheck,https://jlarc.virginia.gov/landing-2024-data-centers-in-virginia.asp,submission_00/source_pdfs/JLARC_2024_Data_Centers_in_Virginia.pdf,,1500,Peak on-site construction workers for an individual data center building (VA representative),Construction duration 12-18 months typical. Good policy/audit source for peak workforce claims.,False,False,single_numeric_parse,False,context_only,ev_0020,dc_metric_0025,1
fig_049,data_centre,dc_pham_2017,E. Absolute/context benchmarks,absolute_jobs,Total local jobs supported during construction phase of typical large data center ($215...,construction,1688,1688,1688,Data centre,data_centre,Data centers: Jobs and opportunities in communities nationwide,construction_jobs_headcount,total (direct + indirect + induced local),estimated / modelled (for typical project),United States (national average / typical),accept,primary_citable_after_spotcheck,https://papers.ssrn.com/sol3/papers.cfm?abstract_id=2998644,submission_00/source_pdfs/Pham_2017_Data_Centers_Jobs_Opportunities.pdf,10.0,1688,"Total local jobs supported during construction phase of typical large data center ($215.5M capex, 165k sf)",Includes multiplier effects; construction duration 18-24 months confirmed in multiple quotes from source.,False,False,single_numeric_parse,False,context_only,ev_0014,dc_metric_0019,1
fig_050,data_centre,dc_pham_2017,E. Absolute/context benchmarks,absolute_jobs,13,operation,13,13,13,Data centre,data_centre,Data centers: Jobs and opportunities in communities nationwide,operational_jobs_fte,,,United States (various states; specific projects noted in quote),partial_accept,supporting_with_caveats,https://papers.ssrn.com/sol3/papers.cfm?abstract_id=2998644,submission_00/source_pdfs/Pham_2017_Data_Centers_Jobs_Opportunities.pdf,8.0,13,,Supports typical DC impact modelling; verify if direct or total (source uses I/O multipliers).,False,False,single_numeric_parse,False,context_only,ev_0026,dc_metric_0031,1
fig_051,data_centre,dc_yue_zeng_2026,E. Absolute/context benchmarks,absolute_jobs,Causal ATT (average treatment effect on treated) or % change from data center entry (CS...,operation,50,50,50,Data centre,data_centre,The local economic effects of data center entry,operational_jobs_fte,direct,realised (historical county-level data 1995-2020 or recent),United States (various states; specific projects noted in quote),accept,primary_citable_after_spotcheck,https://papers.ssrn.com/sol3/papers.cfm?abstract_id=6497238,submission_00/source_pdfs/Yue_Zeng_2026_Local_Economic_Effects_Data_Center.pdf,7.0,50,Permanent operational workers (~50) for USD 500M facility; descriptive comparison (not causal ATT),Causal identification paper; effects modest compared to manufacturing. Clustered entry has slightly higher effects.,False,False,single_numeric_parse,False,context_only,ev_0018; ev_0019,dc_metric_0023; dc_metric_0024,2
fig_052,data_centre,dc_yue_zeng_2026,E. Absolute/context benchmarks,absolute_jobs,Permanent operational workers for typical hyperscale data center ($500M–$1B capex),operation,65,30,100,Data centre,data_centre,The local economic effects of data center entry,operational_jobs_fte,direct,typical (literature/observed),United States (various states; specific projects noted in quote),accept,primary_citable_after_spotcheck,https://papers.ssrn.com/sol3/papers.cfm?abstract_id=6497238,submission_00/source_pdfs/Yue_Zeng_2026_Local_Economic_Effects_Data_Center.pdf,5.0,30–100,Permanent operational workers for typical hyperscale data center ($500M–$1B capex),"Source emphasizes far fewer permanent workers than manufacturing plant of similar capex ($500M auto plant ~2,000 jobs). Key for comparison.",True,False,range_parse,True,plot_candidate,ev_0015,dc_metric_0020,1
fig_053,data_centre,dc_hamm_2025,E. Absolute/context benchmarks,absolute_jobs,Operational jobs supported by specific AI-optimized data center project ($800M investme...,operation,100,100,100,Data centre,data_centre,Data Center Employment Forecast Analysis,operational_jobs_fte,direct (or includes support roles per source caveat),announced / projected,"Alabama, US (Meta Montgomery)",accept,primary_citable_after_spotcheck,https://hamminstitute.org/site-files/documents/data_center_workforce.pdf,submission_00/source_pdfs/Hamm_Institute_2025_Data_Center_Employment_Forecast.pdf,9.0,100,"Operational jobs supported by specific AI-optimized data center project ($800M investment, Meta Montgomery AL example)",From source: Meta Montgomery $800M AI DC expected to support 100 operational jobs. Use alongside per-MW metrics; public claims may overstate core O&M.,False,False,single_numeric_parse,False,context_only,ev_0013,dc_metric_0018,1
fig_054,data_centre,dc_food_water_watch_2026,E. Absolute/context benchmarks,absolute_jobs,"National estimate of permanent data center jobs (FWW 2024, using BLS + VEDP adjusted)",operation,23000,23000,23000,Data centre,data_centre,Artificial Jobs: The Illusion of Big Tech's Data Center Employment Claims,operational_jobs_fte,direct,realised (2024 estimate),United States (national),accept,primary_citable_after_spotcheck,https://www.foodandwaterwatch.org/wp-content/uploads/2026/01/RB_2601_DataCenterJobs.pdf,submission_00/source_pdfs/Food_Water_Watch_2026_Artificial_Jobs.pdf,1.0,23000,"National estimate of permanent data center jobs (FWW 2024, using BLS + VEDP adjusted)",Reviewed from context_quote only; cross-check original PDF for full context and any caveats.,False,False,single_numeric_parse,False,context_only,ev_0025,dc_metric_0030,1
